team,2PT,C3,NC3
Team A,0.4,0.6,0.48333333333333334
Team B,0.4601226993865031,0.35714285714285715,0.546875
