team,2PT,C3,NC3
Team A,0.6071428571428571,0.07142857142857142,0.32142857142857145
Team B,0.5821428571428572,0.075,0.34285714285714286
